"group","class","combined","subset","num_in.predefined","num_out.predefined","mean_within.predefined","mean_between.predefined","p_value.predefined","greater.predefined","significant.predefined","diff.predefined","subset_number.predefined","num_in.cur_m1_edge","num_out.cur_m1_edge","mean_within.cur_m1_edge","mean_between.cur_m1_edge","p_value.cur_m1_edge","greater.cur_m1_edge","significant.cur_m1_edge","diff.cur_m1_edge","subset_number.cur_m1_edge","num_in.cur_m2_edge","num_out.cur_m2_edge","mean_within.cur_m2_edge","mean_between.cur_m2_edge","p_value.cur_m2_edge","greater.cur_m2_edge","significant.cur_m2_edge","diff.cur_m2_edge","subset_number.cur_m2_edge","num_in.pre_m1_edge","num_out.pre_m1_edge","mean_within.pre_m1_edge","mean_between.pre_m1_edge","p_value.pre_m1_edge","greater.pre_m1_edge","significant.pre_m1_edge","diff.pre_m1_edge","subset_number.pre_m1_edge","num_in.pre_m2_edge","num_out.pre_m2_edge","mean_within.pre_m2_edge","mean_between.pre_m2_edge","p_value.pre_m2_edge","greater.pre_m2_edge","significant.pre_m2_edge","diff.pre_m2_edge","subset_number.pre_m2_edge","num_in.enwiki_dbow","num_out.enwiki_dbow","mean_within.enwiki_dbow","mean_between.enwiki_dbow","p_value.enwiki_dbow","greater.enwiki_dbow","significant.enwiki_dbow","diff.enwiki_dbow","subset_number.enwiki_dbow","num_in.jaccard","num_out.jaccard","mean_within.jaccard","mean_between.jaccard","p_value.jaccard","greater.jaccard","significant.jaccard","diff.jaccard","subset_number.jaccard","num_in.cosine","num_out.cosine","mean_within.cosine","mean_between.cosine","p_value.cosine","greater.cosine","significant.cosine","diff.cosine","subset_number.cosine"
"Cellular and Biochemical","Biochemical","0","CPR","68","2331","0.071","0.007","0","within","yes","0.42471682700673","31","68","2331","0.083","0.007","0","within","yes","0.50454558924055","31","68","2331","0.19","0.07","0","within","yes","0.785908640074653","31","68","2331","0.067","0.007","0","within","yes","0.884935546512588","31","68","2331","0.189","0.063","0","within","yes","1.23394029212732","31","68","2331","0.651","0.553","0","within","yes","1.00948435853262","31","68","2331","0.078","0.013","0","within","yes","0.672606407303401","31","68","2331","0.116","0.025","0","within","yes","0.642128604586137","31"
"Cellular and Biochemical","Biochemical","0","PRA","124","2275","0.16","0.013","0","within","yes","0.975521462031082","30","124","2275","0.064","0.007","0","within","yes","0.378409191930413","30","124","2275","0.281","0.078","0","within","yes","1.32949544945962","30","124","2275","0.028","0.005","0","within","yes","0.339225292829825","30","124","2275","0.084","0.047","0","within","yes","0.362347546100879","30","124","2275","0.652","0.546","0","within","yes","1.09189124494345","30","124","2275","0.147","0.019","0","within","yes","1.32451723284362","30","124","2275","0.252","0.035","0","within","yes","1.53122974939771","30"
"Cellular and Biochemical","Biochemical","1","all","192","2212","0.08","0.011","0","within","yes","0.457897829116631","0","192","2212","0.041","0.007","0","within","yes","0.225717763607615","0","192","2212","0.17","0.076","0","within","yes","0.615628434725145","0","192","2212","0.03","0.005","0","within","yes","0.368723144380245","0","192","2212","0.102","0.051","0","within","yes","0.499452023003914","0","192","2212","0.63","0.546","0","within","yes","0.865272307313677","0","192","2212","0.085","0.016","0","within","yes","0.713997570829764","0","192","2212","0.143","0.03","0","within","yes","0.797368487013555","0"
"Cellular and Biochemical","Cellular","0","CUL","74","2325","0.037","0.025","0.012","within","yes","0.0796344050637618","29","74","2325","0.07","0.034","0","within","yes","0.238995279113945","29","74","2325","0.199","0.095","0","within","yes","0.681120821398033","29","74","2325","0.046","0.009","0","within","yes","0.545710253682762","29","74","2325","0.155","0.074","0","within","yes","0.793247330653276","29","74","2325","0.62","0.567","0","within","yes","0.545945622471726","29","74","2325","0.05","0.026","0","within","yes","0.248346981158179","29","74","2325","0.081","0.051","0","within","yes","0.211690748764661","29"
"Cellular and Biochemical","Cellular","0","RTH","53","2346","0.12","0.01","0","within","yes","0.729982046417817","27","53","2346","0.117","0.017","0","within","yes","0.663875775316514","27","53","2346","0.264","0.1","0","within","yes","1.07407514143536","27","53","2346","0.27","0.041","0","within","yes","3.37750400252304","27","53","2346","0.384","0.123","0","within","yes","2.55601917654944","27","53","2346","0.701","0.567","0","within","yes","1.38031534738134","27","53","2346","0.204","0.024","0","within","yes","1.86260235868634","27","53","2346","0.371","0.049","0","within","yes","2.27214737007402","27"
"Cellular and Biochemical","Cellular","0","STT","77","2322","0.034","0.01","0","within","yes","0.159268810127524","26","77","2322","0.066","0.041","0","within","yes","0.165968943829128","26","77","2322","0.146","0.115","0","within","yes","0.203026398685952","26","77","2322","0.07","0.02","0","within","yes","0.73744628876049","26","77","2322","0.189","0.096","0","within","yes","0.91076545371302","26","77","2322","0.651","0.571","0","within","yes","0.824068864108265","26","77","2322","0.076","0.021","0","within","yes","0.569128498487493","26","77","2322","0.142","0.042","0","within","yes","0.705635829215535","26"
"Cellular and Biochemical","Cellular","0","TCM","97","2302","0.034","0.019","0","within","yes","0.0995430063297023","28","97","2302","0.102","0.05","0","within","yes","0.345215403164587","28","97","2302","0.164","0.113","0","within","yes","0.334011172031728","28","97","2302","0.092","0.029","0","within","yes","0.929182323838217","28","97","2302","0.176","0.094","0","within","yes","0.803040507574921","28","97","2302","0.616","0.558","0","within","yes","0.597449926478491","28","97","2302","0.072","0.027","0","within","yes","0.465650589671585","28","97","2302","0.146","0.058","0","within","yes","0.620959529709671","28"
"Cellular and Biochemical","Cellular","1","all","301","2132","0.02","0.017","0","within","yes","0.0199086012659405","0","301","2132","0.052","0.038","0","within","yes","0.0929426085443119","0","301","2132","0.131","0.108","0","within","yes","0.150632489347642","0","301","2132","0.058","0.021","0","within","yes","0.545710253682762","0","301","2132","0.167","0.089","0","within","yes","0.76386779988834","0","301","2132","0.605","0.563","0","within","yes","0.432636153656839","0","301","2132","0.049","0.023","0","within","yes","0.26904256292136","0","301","2132","0.097","0.047","0","within","yes","0.352817914607768","0"
"Conditional","Chemical","0","CHS","190","2209","0.287","0.033","0","within","yes","1.68559490718296","39","190","2209","0.08","0.02","0","within","yes","0.398325465189908","39","190","2209","0.194","0.087","0","within","yes","0.700768537399899","39","190","2209","0.005","0.005","0","between","yes","0","39","190","2209","0.067","0.042","0","within","yes","0.244829423041135","39","190","2209","0.653","0.533","0","within","yes","1.2361032961624","39","190","2209","0.164","0.034","0","within","yes","1.3452128146068","39","190","2209","0.302","0.068","0","within","yes","1.65118784036435","39"
"Conditional","Chemical","0","HRM","152","2247","0.172","0.025","0","within","yes","0.975521462031082","38","152","2247","0.094","0.022","0","within","yes","0.47799055822789","38","152","2247","0.319","0.074","0","within","yes","1.60456347348575","38","152","2247","0.016","0.011","0.229","within","no","0.073744628876049","38","152","2247","0.135","0.053","0","within","yes","0.803040507574921","38","152","2247","0.642","0.525","0","within","yes","1.20520071375834","38","152","2247","0.174","0.038","0","within","yes","1.40729955989635","38","152","2247","0.324","0.075","0","within","yes","1.75703321474668","38"
"Conditional","Chemical","0","MCH","28","2371","0.412","0.056","0","within","yes","2.36248735022493","40","28","2371","0.094","0.012","0","within","yes","0.544378135759541","40","28","2371","0.207","0.088","0","within","yes","0.779359401407365","40","28","2371","0.002","0.005","0.701","between","no","-0.0442467773256294","40","28","2371","0.034","0.033","0","within","yes","0.00979317692164539","40","28","2371","0.704","0.535","0","within","yes","1.74084547542871","40","28","2371","0.215","0.047","0","within","yes","1.73842886810725","40","28","2371","0.37","0.088","0","within","yes","1.98989303838781","40"
"Conditional","Chemical","0","NUT","109","2290","0.088","0.03","0","within","yes","0.384899624474849","37","109","2290","0.065","0.024","0","within","yes","0.272189067879771","37","109","2290","0.137","0.093","0","within","yes","0.288166501360706","37","109","2290","0.007","0.007","0.101","within","no","0","37","109","2290","0.079","0.049","0","within","yes","0.293795307649361","37","109","2290","0.645","0.533","0","within","yes","1.15369640975157","37","109","2290","0.13","0.037","0","within","yes","0.962344551987942","37","109","2290","0.23","0.071","0","within","yes","1.1219609684527","37"
"Conditional","Chemical","1","all","479","1982","0.157","0.017","0","within","yes","0.929068059077222","0","479","1982","0.053","0.02","0","within","yes","0.219079005854449","0","479","1982","0.164","0.079","0","within","yes","0.556685286719546","0","479","1982","0.006","0.009","0","between","yes","-0.0442467773256294","0","479","1982","0.065","0.046","0","within","yes","0.186070361511262","0","479","1982","0.623","0.523","0","within","yes","1.03008608013533","0","479","1982","0.133","0.025","0","within","yes","1.1175614152118","0","479","1982","0.251","0.049","0","within","yes","1.42538437501538","0"
"Conditional","Biological","0","OBI","6","2393","0.178","0.026","0.413","within","no","1.00870246414098","42","6","2393","0.281","0.024","0","within","yes","1.70616074256344","42","6","2393","0.539","0.095","0","within","yes","2.90786196827622","42","6","2393","0.052","0.013","0.618","within","no","0.575208105233182","42","6","2393","0.106","0.056","0.665","within","no","0.489658846082269","42","6","2393","0.786","0.564","0","within","yes","2.28679109790043","42","6","2393","0.322","0.042","0","within","yes","2.89738144684542","42","6","2393","0.446","0.081","0","within","yes","2.5755707766367","42"
"Conditional","Biological","0","PTH","137","2262","0.288","0.037","0","within","yes","1.66568630591702","41","137","2262","0.02","0.011","0","within","yes","0.0597488197784862","41","137","2262","0.27","0.126","0","within","yes","0.943090368089584","41","137","2262","0.016","0.002","0.001","within","yes","0.206484960852937","41","137","2262","0.086","0.035","0","within","yes","0.499452023003914","41","137","2262","0.747","0.558","0","within","yes","1.94686269145577","41","137","2262","0.199","0.028","0","within","yes","1.76947224075202","41","137","2262","0.337","0.055","0","within","yes","1.98989303838781","41"
"Conditional","Biological","1","all","143","2256","0.272","0.036","0","within","yes","1.56614329958732","0","143","2256","0.02","0.012","0","within","yes","0.0531100620253211","0","143","2256","0.261","0.125","0","within","yes","0.890696458751274","0","143","2256","0.015","0.003","0.003","within","yes","0.176987109302518","0","143","2256","0.084","0.036","0","within","yes","0.470072492238978","0","143","2256","0.743","0.558","0","within","yes","1.90565924825036","0","143","2256","0.194","0.028","0","within","yes","1.71773328634407","0","143","2256","0.33","0.056","0","within","yes","1.93344217205057","0"
"Conditional","Physical","0","LIT","146","2253","0.063","0.016","0","within","yes","0.311901419833067","34","146","2253","0.106","0.037","0","within","yes","0.458074284968394","34","146","2253","0.178","0.114","0","within","yes","0.419151274706482","34","146","2253","0.044","0.012","0","within","yes","0.471965624806713","34","146","2253","0.179","0.072","0","within","yes","1.04786993061606","34","146","2253","0.632","0.534","0","within","yes","1.00948435853262","34","146","2253","0.116","0.027","0","within","yes","0.920953388461579","34","146","2253","0.204","0.055","0","within","yes","1.05139738553115","34"
"Conditional","Physical","0","MEC","13","2386","0.089","0.013","0.045","within","yes","0.504351232070492","35","13","2386","0.14","0.029","0.009","within","yes","0.73690211060133","35","13","2386","0.213","0.11","0.008","within","yes","0.674571582730744","35","13","2386","0.076","0.021","0.144","within","no","0.811190917636539","35","13","2386","0.224","0.106","0","within","yes","1.15559487675416","35","13","2386","0.58","0.553","0.096","within","no","0.278123241636538","35","13","2386","0.085","0.03","0.106","within","no","0.569128498487493","35","13","2386","0.134","0.063","0.11","within","no","0.50100143874303","35"
"Conditional","Physical","0","MPH","18","2381","0.069","0.03","0","within","yes","0.258811816457226","36","18","2381","0.111","0.034","0","within","yes","0.511184346993715","36","18","2381","0.164","0.113","0.007","within","yes","0.334011172031728","36","18","2381","0.063","0.017","0.028","within","yes","0.678450585659651","36","18","2381","0.148","0.081","0","within","yes","0.65614285375024","36","18","2381","0.574","0.537","0","within","yes","0.381131849650072","36","18","2381","0.116","0.034","0","within","yes","0.848518852290444","36","18","2381","0.191","0.067","0","within","yes","0.874988428227264","36"
"Conditional","Physical","0","TMP","71","2328","0.069","0.021","0","within","yes","0.318537620255047","33","71","2328","0.151","0.032","0","within","yes","0.790012172626651","33","71","2328","0.237","0.105","0","within","yes","0.864499504082119","33","71","2328","0.044","0.01","0","within","yes","0.501463476357133","33","71","2328","0.131","0.059","0","within","yes","0.705108738358468","33","71","2328","0.675","0.544","0","within","yes","1.34941276497728","33","71","2328","0.168","0.037","0","within","yes","1.35556060548839","33","71","2328","0.286","0.073","0","within","yes","1.50300431622909","33"
"Conditional","Physical","0","WAT","40","2359","0.088","0.022","0","within","yes","0.43798922785069","32","40","2359","0.234","0.024","0","within","yes","1.39413912816468","32","40","2359","0.333","0.091","0","within","yes","1.58491575748388","32","40","2359","0.016","0.009","0.542","within","no","0.103242480426469","32","40","2359","0.119","0.058","0","within","yes","0.597383792220368","32","40","2359","0.683","0.546","0","within","yes","1.4112179297854","32","40","2359","0.234","0.043","0","within","yes","1.97642805838384","32","40","2359","0.386","0.082","0","within","yes","2.14513292081523","32"
"Conditional","Physical","1","all","288","2125","0.033","0.019","0","within","yes","0.0929068059077222","0","288","2125","0.076","0.032","0","within","yes","0.292105341139266","0","288","2125","0.153","0.107","0","within","yes","0.301264978695284","0","288","2125","0.024","0.012","0","within","yes","0.176987109302518","0","288","2125","0.115","0.069","0","within","yes","0.450486138395688","0","288","2125","0.59","0.538","0","within","yes","0.535644761670371","0","288","2125","0.084","0.03","0","within","yes","0.558780707605902","0","288","2125","0.154","0.06","0","within","yes","0.663297679462603","0"
"Essential","Gametophyte","0","EMG","54","2345","0.509","0.104","0","within","yes","2.68766117090196","3","54","2345","0.708","0.14","0","within","yes","3.7708144037978","3","54","2345","0.514","0.2","0","within","yes","2.05646094152868","3","54","2345","0.549","0.035","0","within","yes","7.58094784845783","3","54","2345","0.402","0.098","0","within","yes","2.9771257841802","3","54","2345","0.889","0.591","0","within","yes","3.06965651880329","3","54","2345","0.574","0.076","0","within","yes","5.15319985903221","3","54","2345","0.816","0.137","0","within","yes","4.79126728037348","3"
"Essential","Gametophyte","0","GAM","75","2324","0.595","0.076","0","within","yes","3.4441880190077","1","75","2324","0.741","0.135","0","within","yes","4.02308719841807","1","75","2324","0.715","0.224","0","within","yes","3.21567618563879","1","75","2324","0.731","0.036","0","within","yes","10.2505034137708","1","75","2324","0.622","0.087","0","within","yes","5.23934965308028","1","75","2324","0.891","0.56","0","within","yes","3.40958492524794","1","75","2324","0.537","0.052","0","within","yes","5.01867857757153","1","75","2324","0.76","0.1","0","within","yes","4.65719647282253","1"
"Essential","Gametophyte","0","GEM","32","2367","0.697","0.112","0","within","yes","3.88217724685839","2","32","2367","0.874","0.168","0","within","yes","4.68696297373458","2","32","2367","0.834","0.246","0","within","yes","3.8509523363658","2","32","2367","0.705","0.04","0","within","yes","9.80803564051451","2","32","2367","0.553","0.08","0","within","yes","4.63217268393827","2","32","2367","0.938","0.589","0","within","yes","3.5950004196723","2","32","2367","0.687","0.082","0","within","yes","6.26041348336242","2","32","2367","0.873","0.146","0","within","yes","5.12997247839694","2"
"Essential","Gametophyte","0","MGD","47","2352","0.194","0.049","0","within","yes","0.962249061187122","4","47","2352","0.29","0.097","0","within","yes","1.28128024636087","4","47","2352","0.277","0.166","0","within","yes","0.726965492069054","4","47","2352","0.31","0.039","0","within","yes","3.99695888508185","4","47","2352","0.294","0.094","0","within","yes","1.95863538432908","4","47","2352","0.726","0.575","0","within","yes","1.55542998100435","4","47","2352","0.225","0.04","0","within","yes","1.91434131309429","4","47","2352","0.375","0.081","0","within","yes","2.07456933789367","4"
"Essential","Gametophyte","1","all","208","2202","0.392","0.065","0","within","yes","2.17003753798751","0","208","2202","0.564","0.107","0","within","yes","3.03391229319647","0","208","2202","0.49","0.192","0","within","yes","1.95167312285206","0","208","2202","0.534","0.007","0","within","yes","7.77268388353556","0","208","2202","0.425","0.071","0","within","yes","3.46678463026246","0","208","2202","0.822","0.562","0","within","yes","2.67822380835186","0","208","2202","0.38","0.043","0","within","yes","3.48720552709609","0","208","2202","0.6","0.084","0","within","yes","3.64108087875216","0"
"Essential","Lethal","0","NHM","17","2382","0.372","0.011","0","within","yes","2.39566835233484","7","17","2382","0.486","0.019","0","within","yes","3.10029987072812","7","17","2382","0.562","0.131","0","within","yes","2.82272186560146","7","17","2382","0.419","0.008","0","within","yes","6.06180849361122","7","17","2382","0.589","0.074","0","within","yes","5.04348611464737","7","17","2382","0.821","0.573","0","within","yes","2.55461347873562","7","17","2382","0.518","0.011","0","within","yes","5.24632997696652","7","17","2382","0.683","0.022","0","within","yes","4.66425283111469","7"
"Essential","Lethal","0","SRL","155","2244","0.247","0.027","0","within","yes","1.45996409283563","8","155","2244","0.409","0.052","0","within","yes","2.37003651787995","8","155","2244","0.356","0.13","0","within","yes","1.48012793880726","8","155","2244","0.307","0.01","0","within","yes","4.38043095523731","8","155","2244","0.3","0.079","0","within","yes","2.16429209968363","8","155","2244","0.708","0.582","0","within","yes","1.29790846097052","8","155","2244","0.219","0.021","0","within","yes","2.04886259455497","8","155","2244","0.336","0.04","0","within","yes","2.08868205447798","8"
"Essential","Lethal","1","all","172","2228","0.208","0.025","0","within","yes","1.21442467722237","0","172","2228","0.344","0.049","0","within","yes","1.95843353718371","0","172","2228","0.316","0.13","0","within","yes","1.21815839211571","0","172","2228","0.256","0.01","0","within","yes","3.62823574070161","0","172","2228","0.266","0.078","0","within","yes","1.84111726126933","0","172","2228","0.699","0.58","0","within","yes","1.22580243536104","0","172","2228","0.186","0.02","0","within","yes","1.71773328634407","0","172","2228","0.285","0.038","0","within","yes","1.74292049816237","0"
"Essential","Embryo / Seed","0","EMB","364","2035","0.78","0.047","0","within","yes","4.86433490931145","5","364","2035","0.796","0.07","0","within","yes","4.81973812879789","5","364","2035","0.78","0.176","0","within","yes","3.95574015504242","5","364","2035","0.01","0.008","0","within","yes","0.0294978515504196","5","364","2035","0.022","0.034","0","between","yes","-0.117518123059745","5","364","2035","0.793","0.571","0","within","yes","2.28679109790043","5","364","2035","0.499","0.027","0","within","yes","4.88415729611085","5","364","2035","0.65","0.052","0","within","yes","4.2197022587089","5"
"Essential","Embryo / Seed","0","MSD","13","2386","0.239","0.051","0","within","yes","1.24760567933227","6","13","2386","0.419","0.088","0","within","yes","2.19742881629766","6","13","2386","0.336","0.157","0","within","yes","1.17231372144469","6","13","2386","0.07","0.02","0.522","within","no","0.73744628876049","6","13","2386","0.117","0.065","0.061","within","no","0.50924519992556","6","13","2386","0.753","0.585","0","within","yes","1.73054461462736","6","13","2386","0.307","0.047","0","within","yes","2.6904256292136","6","13","2386","0.46","0.098","0","within","yes","2.55440170176024","6"
"Essential","Embryo / Seed","1","all","377","2022","0.742","0.045","0","within","yes","4.62543169412017","0","377","2022","0.763","0.068","0","within","yes","4.61393663844977","0","377","2022","0.75","0.174","0","within","yes","3.77236147235834","0","377","2022","0.01","0.008","0","within","yes","0.0294978515504196","0","377","2022","0.023","0.035","0","between","yes","-0.117518123059745","0","377","2022","0.785","0.57","0","within","yes","2.21468507229096","0","377","2022","0.476","0.026","0","within","yes","4.65650589671585","0","377","2022","0.629","0.051","0","within","yes","4.07857509286579","0"
"Morphological","Reproductive","0","FSM","147","2252","0.048","0.016","0","within","yes","0.212358413503365","18","147","2252","0.126","0.048","0","within","yes","0.517823104746881","18","147","2252","0.202","0.114","0","within","yes","0.576333002721413","18","147","2252","0.102","0.026","0","within","yes","1.12091835891594","18","147","2252","0.214","0.096","0","within","yes","1.15559487675415","18","147","2252","0.636","0.557","0","within","yes","0.813768003306911","18","147","2252","0.075","0.023","0","within","yes","0.53808512584272","18","147","2252","0.147","0.051","0","within","yes","0.677410396046914","18"
"Morphological","Reproductive","0","OVP","33","2366","0.073","0.012","0","within","yes","0.404808225740789","19","33","2366","0.094","0.031","0","within","yes","0.418241738449403","19","33","2366","0.194","0.13","0","within","yes","0.419151274706482","19","33","2366","0.06","0.016","0","within","yes","0.648952734109231","19","33","2366","0.157","0.082","0","within","yes","0.734488269123403","19","33","2366","0.692","0.588","0","within","yes","1.07128952334074","19","33","2366","0.141","0.019","0","within","yes","1.26243048755407","19","33","2366","0.232","0.039","0","within","yes","1.36187715038598","19"
"Morphological","Reproductive","0","SRF","197","2202","0.071","0.021","0","within","yes","0.331810021099008","20","197","2202","0.205","0.049","0","within","yes","1.03564620949376","20","197","2202","0.287","0.121","0","within","yes","1.08717361876994","20","197","2202","0.097","0.023","0","within","yes","1.09142050736552","20","197","2202","0.248","0.084","0","within","yes","1.60608101514984","20","197","2202","0.635","0.564","0","within","yes","0.731361116896085","20","197","2202","0.111","0.025","0","within","yes","0.889910015816807","20","197","2202","0.197","0.053","0","within","yes","1.01611559407037","20"
"Morphological","Reproductive","0","SSC","40","2359","0.095","0.008","0","within","yes","0.577349436712273","21","40","2359","0.146","0.04","0","within","yes","0.703708321835504","21","40","2359","0.2","0.115","0","within","yes","0.556685286719546","21","40","2359","0.027","0.014","0.012","within","yes","0.191736035077727","21","40","2359","0.084","0.066","0.001","within","yes","0.176277184589617","21","40","2359","0.68","0.57","0","within","yes","1.13309468814886","21","40","2359","0.152","0.018","0","within","yes","1.38660397813316","21","40","2359","0.229","0.035","0","within","yes","1.36893350867814","21"
"Morphological","Reproductive","1","all","417","2061","0.039","0.017","0","within","yes","0.145996409283563","0","417","2061","0.116","0.042","0","within","yes","0.49126807373422","0","417","2061","0.193","0.119","0","within","yes","0.48464366137937","0","417","2061","0.066","0.019","0","within","yes","0.69319951143486","0","417","2061","0.176","0.08","0","within","yes","0.940144984477956","0","417","2061","0.608","0.561","0","within","yes","0.484140457663605","0","417","2061","0.063","0.021","0","within","yes","0.434607217026813","0","417","2061","0.116","0.045","0","within","yes","0.50100143874303","0"
"Morphological","Timing","0","CDR","13","2386","0.274","0.009","0","within","yes","1.75859311182474","24","13","2386","0.167","0.018","0","within","yes","0.989174905221605","24","13","2386","0.396","0.1","0","within","yes","1.93857464551748","24","13","2386","0.173","0.01","0","within","yes","2.4040749013592","24","13","2386","0.253","0.072","0","within","yes","1.77256502281781","24","13","2386","0.741","0.534","0","within","yes","2.13227818588013","24","13","2386","0.306","0.023","0","within","yes","2.92842481949019","24","13","2386","0.473","0.046","0","within","yes","3.01306499075034","24"
"Morphological","Timing","0","FLT","151","2249","0.088","0.022","0","within","yes","0.43798922785069","22","151","2249","0.287","0.04","0","within","yes","1.63977316503179","22","151","2249","0.312","0.098","0","within","yes","1.4015370747998","22","151","2249","0.043","0.019","0","within","yes","0.353974218605035","22","151","2249","0.102","0.072","0","within","yes","0.293795307649361","22","151","2249","0.681","0.54","0","within","yes","1.45242137299082","22","151","2249","0.163","0.021","0","within","yes","1.46938630518589","22","151","2249","0.288","0.044","0","within","yes","1.72175142328591","22"
"Morphological","Timing","0","MTM","7","2392","0.248","0.004","0.003","within","yes","1.61923290296316","25","7","2392","0.16","0.018","0.003","within","yes","0.942703600949449","25","7","2392","0.308","0.088","0.002","within","yes","1.44083250680353","25","7","2392","0.115","0.014","0.067","within","no","1.48964150329619","25","7","2392","0.17","0.071","0.072","within","no","0.969524515242893","25","7","2392","0.667","0.557","0","within","yes","1.13309468814886","25","7","2392","0.133","0.014","0","within","yes","1.2313871149093","25","7","2392","0.22","0.032","0.001","within","yes","1.32659535892521","25"
"Morphological","Timing","0","SEN","39","2360","0.081","0.017","0","within","yes","0.42471682700673","23","39","2360","0.159","0.038","0","within","yes","0.803289688132981","23","39","2360","0.214","0.099","0","within","yes","0.753162446738209","23","39","2360","0.082","0.025","0","within","yes","0.840688769186958","23","39","2360","0.178","0.094","0","within","yes","0.822626861418212","23","39","2360","0.651","0.559","0","within","yes","0.947679193724504","23","39","2360","0.145","0.026","0","within","yes","1.2313871149093","23","39","2360","0.263","0.053","0","within","yes","1.48183524135262","23"
"Morphological","Timing","1","all","210","2204","0.062","0.019","0","within","yes","0.285356618145147","0","210","2204","0.2","0.035","0","within","yes","1.09539502927225","0","210","2204","0.256","0.095","0","within","yes","1.05442742543349","0","210","2204","0.041","0.018","0","within","yes","0.339225292829825","0","210","2204","0.109","0.074","0","within","yes","0.342761192257588","0","210","2204","0.647","0.542","0","within","yes","1.0815903841421","0","210","2204","0.119","0.02","0","within","yes","1.02443129727749","0","210","2204","0.213","0.042","0","within","yes","1.20663726795857","0"
"Morphological","Vegetative","0","ARC","93","2306","0.131","0.017","0","within","yes","0.756526848105737","16","93","2306","0.186","0.044","0","within","yes","0.942703600949449","16","93","2306","0.276","0.111","0","within","yes","1.08062438010265","16","93","2306","0.091","0.027","0","within","yes","0.943931249613427","16","93","2306","0.213","0.094","0","within","yes","1.1653880536758","16","93","2306","0.651","0.557","0","within","yes","0.968280915327211","16","93","2306","0.108","0.026","0","within","yes","0.848518852290444","16","93","2306","0.204","0.057","0","within","yes","1.03728466894684","16"
"Morphological","Vegetative","0","GER","60","2339","0.089","0.021","0","within","yes","0.45126162869465","9","60","2339","0.155","0.042","0","within","yes","0.75017962610766","9","60","2339","0.21","0.104","0","within","yes","0.69421929873261","9","60","2339","0.103","0.014","0","within","yes","1.31265439399367","9","60","2339","0.189","0.093","0","within","yes","0.940144984477957","9","60","2339","0.642","0.572","0","within","yes","0.721060256094732","9","60","2339","0.107","0.03","0","within","yes","0.79677989788249","9","60","2339","0.192","0.06","0","within","yes","0.931439294564507","9"
"Morphological","Vegetative","0","GRS","272","2127","0.114","0.031","0","within","yes","0.550804635024353","12","272","2127","0.234","0.047","0","within","yes","1.24144769984188","12","272","2127","0.213","0.125","0","within","yes","0.576333002721412","12","272","2127","0.05","0.022","0","within","yes","0.412969921705874","12","272","2127","0.131","0.081","0","within","yes","0.489658846082269","12","272","2127","0.593","0.56","0","within","yes","0.339928406444658","12","272","2127","0.08","0.025","0","within","yes","0.569128498487493","12","272","2127","0.151","0.051","0","within","yes","0.705635829215535","12"
"Morphological","Vegetative","0","IST","94","2305","0.052","0.018","0","within","yes","0.225630814347325","15","94","2305","0.198","0.049","0","within","yes","0.989174905221605","15","94","2305","0.254","0.113","0","within","yes","0.923442652087718","15","94","2305","0.16","0.022","0","within","yes","2.03535175697895","15","94","2305","0.306","0.094","0","within","yes","2.07615350738882","15","94","2305","0.676","0.557","0","within","yes","1.22580243536104","15","94","2305","0.138","0.025","0","within","yes","1.16930036961976","15","94","2305","0.248","0.054","0","within","yes","1.36893350867814","15"
"Morphological","Vegetative","0","LEF","246","2153","0.071","0.02","0","within","yes","0.338446221520988","14","246","2153","0.167","0.047","0","within","yes","0.796650930379816","14","246","2153","0.222","0.116","0","within","yes","0.69421929873261","14","246","2153","0.092","0.024","0","within","yes","1.00292695271427","14","246","2153","0.196","0.089","0","within","yes","1.04786993061606","14","246","2153","0.634","0.559","0","within","yes","0.772564560101498","14","246","2153","0.088","0.024","0","within","yes","0.66225861642181","14","246","2153","0.173","0.051","0","within","yes","0.860875711642953","14"
"Morphological","Vegetative","0","MSL","62","2337","0.106","0.034","0","within","yes","0.477806430382571","17","62","2337","0.157","0.052","0","within","yes","0.697069564082339","17","62","2337","0.192","0.123","0","within","yes","0.451897468042926","17","62","2337","0.028","0.017","0","within","yes","0.162238183527308","17","62","2337","0.087","0.071","0","within","yes","0.156690830746326","17","62","2337","0.596","0.563","0","within","yes","0.339928406444659","17","62","2337","0.059","0.026","0","within","yes","0.341477099092496","17","62","2337","0.112","0.053","0","within","yes","0.416325139237166","17"
"Morphological","Vegetative","0","NLS","127","2272","0.076","0.022","0","within","yes","0.358354822786928","10","127","2272","0.142","0.048","0","within","yes","0.624043228797523","10","127","2272","0.214","0.118","0","within","yes","0.628726912059723","10","127","2272","0.06","0.025","0","within","yes","0.516212402132343","10","127","2272","0.139","0.085","0","within","yes","0.528831553768851","10","127","2272","0.634","0.566","0","within","yes","0.700458534492025","10","127","2272","0.087","0.028","0","within","yes","0.610519662013856","10","127","2272","0.171","0.058","0","within","yes","0.797368487013555","10"
"Morphological","Vegetative","0","PIG","248","2151","0.07","0.025","0","within","yes","0.298629018989107","11","248","2151","0.183","0.05","0","within","yes","0.882954781170963","11","248","2151","0.223","0.12","0","within","yes","0.674571582730744","11","248","2151","0.085","0.016","0","within","yes","1.01767587848948","11","248","2151","0.193","0.071","0","within","yes","1.19476758444074","11","248","2151","0.658","0.566","0","within","yes","0.947679193724505","11","248","2151","0.097","0.024","0","within","yes","0.755388734356127","11","248","2151","0.158","0.046","0","within","yes","0.7903121287214","11"
"Morphological","Vegetative","0","ROT","199","2200","0.076","0.018","0","within","yes","0.384899624474849","13","199","2200","0.148","0.043","0","within","yes","0.697069564082339","13","199","2200","0.214","0.117","0","within","yes","0.635276150727011","13","199","2200","0.196","0.03","0","within","yes","2.44832167868483","13","199","2200","0.269","0.098","0","within","yes","1.67463325360136","13","199","2200","0.626","0.558","0","within","yes","0.700458534492024","13","199","2200","0.101","0.027","0","within","yes","0.765736525237718","13","199","2200","0.198","0.056","0","within","yes","1.00200287748606","13"
"Morphological","Vegetative","1","all","1401","1581","0.037","0.022","0","within","yes","0.0995430063297023","0","1401","1581","0.102","0.031","0","within","yes","0.471351800474725","0","1401","1581","0.155","0.114","0","within","yes","0.26851878535884","0","1401","1581","0.048","0.014","0","within","yes","0.501463476357133","0","1401","1581","0.131","0.066","0","within","yes","0.63655649990695","0","1401","1581","0.592","0.555","0","within","yes","0.381131849650072","0","1401","1581","0.044","0.022","0","within","yes","0.227651399394997","0","1401","1581","0.083","0.044","0","within","yes","0.275197973394059","0"
